EVW1,EVin,1
EVW2,EVin,1
EVW3,EVin,1
EVW4,EVin,1
EVW5,EVin,1
EVW6,EVin,1
EVW7,EVin,1
EVW8,EVin,1
EVin,EVW1,1
EVin,EVW2,1
EVin,EVW3,1
EVin,EVW4,1
EVin,EVW5,1
EVin,EVW6,1
EVin,EVW7,1
EVin,EVW8,1
Lobby,EVW1,1
EVW1,Lobby,1
101,Lobby,1
102,Lobby,1
Lobby,198,1
Lobby,101,1
Lobby,102,1
198,Lobby,1
198,100,1
198,199,1
100,198,1
199,198,1
201,EVW2,1
202,EVW2,1
203,EVW2,1
204,EVW2,1
205,EVW2,1
206,EVW2,1
207,EVW2,1
208,EVW2,1
209,EVW2,1
210,EVW2,1
211,EVW2,1
212,EVW2,1
213,EVW2,1
EVW2,201,1
EVW2,202,1
EVW2,203,1
EVW2,204,1
EVW2,205,1
EVW2,206,1
EVW2,207,1
EVW2,208,1
EVW2,209,1
EVW2,210,1
EVW2,211,1
EVW2,212,1
EVW2,213,1
301,EVW3,1
302,EVW3,1
303,EVW3,1
304,EVW3,1
305,EVW3,1
306,EVW3,1
307,EVW3,1
308,EVW3,1
309,EVW3,1
310,EVW3,1
311,EVW3,1
312,EVW3,1
313,EVW3,1
314,EVW3,1
315,EVW3,1
316,EVW3,1
317,EVW3,1
318,EVW3,1
319,EVW3,1
320,EVW3,1
321,EVW3,1
322,EVW3,1
EVW3,301,1
EVW3,302,1
EVW3,303,1
EVW3,304,1
EVW3,305,1
EVW3,306,1
EVW3,307,1
EVW3,308,1
EVW3,309,1
EVW3,310,1
EVW3,311,1
EVW3,312,1
EVW3,313,1
EVW3,314,1
EVW3,315,1
EVW3,316,1
EVW3,317,1
EVW3,318,1
EVW3,319,1
EVW3,320,1
EVW3,321,1
EVW3,322,1
401,EVW4,1
402,EVW4,1
403,EVW4,1
404,EVW4,1
405,EVW4,1
406,EVW4,1
407,EVW4,1
408,EVW4,1
409,EVW4,1
410,EVW4,1
411,EVW4,1
412,EVW4,1
413,EVW4,1
414,EVW4,1
415,EVW4,1
416,EVW4,1
417,EVW4,1
418,EVW4,1
419,EVW4,1
420,EVW4,1
421,EVW4,1
422,EVW4,1
EVW4,401,1
EVW4,402,1
EVW4,403,1
EVW4,404,1
EVW4,405,1
EVW4,406,1
EVW4,407,1
EVW4,408,1
EVW4,409,1
EVW4,410,1
EVW4,411,1
EVW4,412,1
EVW4,413,1
EVW4,414,1
EVW4,415,1
EVW4,416,1
EVW4,417,1
EVW4,418,1
EVW4,419,1
EVW4,420,1
EVW4,421,1
EVW4,422,1
501,EVW5,1
502,EVW5,1
503,EVW5,1
504,EVW5,1
505,EVW5,1
506,EVW5,1
507,EVW5,1
508,EVW5,1
509,EVW5,1
510,EVW5,1
511,EVW5,1
512,EVW5,1
513,EVW5,1
514,EVW5,1
515,EVW5,1
516,EVW5,1
517,EVW5,1
518,EVW5,1
519,EVW5,1
520,EVW5,1
521,EVW5,1
522,EVW5,1
EVW5,501,1
EVW5,502,1
EVW5,503,1
EVW5,504,1
EVW5,505,1
EVW5,506,1
EVW5,507,1
EVW5,508,1
EVW5,509,1
EVW5,510,1
EVW5,511,1
EVW5,512,1
EVW5,513,1
EVW5,514,1
EVW5,515,1
EVW5,516,1
EVW5,517,1
EVW5,518,1
EVW5,519,1
EVW5,520,1
EVW5,521,1
EVW5,522,1
601,EVW6,1
602,EVW6,1
603,EVW6,1
604,EVW6,1
605,EVW6,1
606,EVW6,1
607,EVW6,1
608,EVW6,1
609,EVW6,1
610,EVW6,1
611,EVW6,1
612,EVW6,1
613,EVW6,1
614,EVW6,1
615,EVW6,1
616,EVW6,1
617,EVW6,1
618,EVW6,1
619,EVW6,1
620,EVW6,1
621,EVW6,1
622,EVW6,1
EVW6,601,1
EVW6,602,1
EVW6,603,1
EVW6,604,1
EVW6,605,1
EVW6,606,1
EVW6,607,1
EVW6,608,1
EVW6,609,1
EVW6,610,1
EVW6,611,1
EVW6,612,1
EVW6,613,1
EVW6,614,1
EVW6,615,1
EVW6,616,1
EVW6,617,1
EVW6,618,1
EVW6,619,1
EVW6,620,1
EVW6,621,1
EVW6,622,1
701,EVW7,1
702,EVW7,1
703,EVW7,1
704,EVW7,1
705,EVW7,1
706,EVW7,1
707,EVW7,1
708,EVW7,1
709,EVW7,1
710,EVW7,1
711,EVW7,1
712,EVW7,1
713,EVW7,1
714,EVW7,1
715,EVW7,1
716,EVW7,1
717,EVW7,1
718,EVW7,1
719,EVW7,1
720,EVW7,1
721,EVW7,1
722,EVW7,1
EVW7,701,1
EVW7,702,1
EVW7,703,1
EVW7,704,1
EVW7,705,1
EVW7,706,1
EVW7,707,1
EVW7,708,1
EVW7,709,1
EVW7,710,1
EVW7,711,1
EVW7,712,1
EVW7,713,1
EVW7,714,1
EVW7,715,1
EVW7,716,1
EVW7,717,1
EVW7,718,1
EVW7,719,1
EVW7,720,1
EVW7,721,1
EVW7,722,1
801,EVW8,1
802,EVW8,1
803,EVW8,1
804,EVW8,1
805,EVW8,1
806,EVW8,1
807,EVW8,1
808,EVW8,1
809,EVW8,1
810,EVW8,1
811,EVW8,1
812,EVW8,1
813,EVW8,1
814,EVW8,1
815,EVW8,1
816,EVW8,1
817,EVW8,1
818,EVW8,1
819,EVW8,1
820,EVW8,1
821,EVW8,1
822,EVW8,1
EVW8,801,1
EVW8,802,1
EVW8,803,1
EVW8,804,1
EVW8,805,1
EVW8,806,1
EVW8,807,1
EVW8,808,1
EVW8,809,1
EVW8,810,1
EVW8,811,1
EVW8,812,1
EVW8,813,1
EVW8,814,1
EVW8,815,1
EVW8,816,1
EVW8,817,1
EVW8,818,1
EVW8,819,1
EVW8,820,1
EVW8,821,1
EVW8,822,1
EVW1S,EVW1,1
EVW2S,EVW2,1
EVW3S,EVW3,1
EVW4S,EVW4,1
EVW5S,EVW5,1
EVW6S,EVW6,1
EVW7S,EVW7,1
EVW8S,EVW8,1
